,FlightNumber,Date,RocketName,PayloadMassKG,Orbit,LaunchSite,Outcome,Flights,GridFins,Reused,Legs,LandingPad,Block,ReusedCount,Serial,Longitude,Latitude
0,1,24/03/2006,Falcon 1,20,LEO,Kwajalein Atoll,None None,1,FALSE,FALSE,FALSE,,,0,Merlin1A,167.7431292,9.0477206
1,2,21/03/2007,Falcon 1,,LEO,Kwajalein Atoll,None None,1,FALSE,FALSE,FALSE,,,0,Merlin2A,167.7431292,9.0477206
2,3,03/08/2008,Falcon 1,,LEO,Kwajalein Atoll,None None,1,FALSE,FALSE,FALSE,,,0,Merlin1C,167.7431292,9.0477206
3,4,28/09/2008,Falcon 1,,LEO,Kwajalein Atoll,None None,1,FALSE,FALSE,FALSE,,,0,Merlin2C,167.7431292,9.0477206
4,5,13/07/2009,Falcon 1,165,LEO,Kwajalein Atoll,None None,1,FALSE,FALSE,FALSE,,,0,Merlin3C,167.7431292,9.0477206
5,6,04/06/2010,Falcon 9,200,LEO,CCSFS SLC 40,None None,1,FALSE,FALSE,FALSE,,1,0,B0003,-80.577366,28.5618571
6,7,08/12/2010,Falcon 9,,LEO,CCSFS SLC 40,None None,1,FALSE,FALSE,FALSE,,1,0,B0004,-80.577366,28.5618571
7,8,22/05/2012,Falcon 9,,LEO,CCSFS SLC 40,None None,1,FALSE,FALSE,FALSE,,1,0,B0005,-80.577366,28.5618571
8,9,08/10/2012,Falcon 9,,LEO,CCSFS SLC 40,None None,1,FALSE,FALSE,FALSE,,1,0,B0006,-80.577366,28.5618571
9,10,01/03/2013,Falcon 9,525,LEO,CCSFS SLC 40,None None,1,FALSE,FALSE,FALSE,,1,0,B0007,-80.577366,28.5618571
10,11,29/09/2013,Falcon 9,400,ISS,VAFB SLC 4E,False Ocean,1,FALSE,FALSE,FALSE,,1,0,B1003,-120.610829,34.632093
11,12,03/12/2013,Falcon 9,400,LEO,CCSFS SLC 40,None None,1,FALSE,FALSE,FALSE,,1,0,B1004,-80.577366,28.5618571
12,13,06/01/2014,Falcon 9,677,ISS,CCSFS SLC 40,None None,1,FALSE,FALSE,FALSE,,1,0,B1005,-80.577366,28.5618571
13,14,18/04/2014,Falcon 9,500,PO,CCSFS SLC 40,True Ocean,1,FALSE,FALSE,TRUE,,1,0,B1006,-80.577366,28.5618571
14,15,14/07/2014,Falcon 9,3170,GTO,CCSFS SLC 40,True Ocean,1,FALSE,FALSE,TRUE,,1,0,B1007,-80.577366,28.5618571
15,16,05/08/2014,Falcon 9,3325,GTO,CCSFS SLC 40,None None,1,FALSE,FALSE,FALSE,,1,0,B1008,-80.577366,28.5618571
16,17,07/09/2014,Falcon 9,2296,ISS,CCSFS SLC 40,None None,1,FALSE,FALSE,FALSE,,1,0,B1011,-80.577366,28.5618571
17,18,21/09/2014,Falcon 9,1316,LEO,CCSFS SLC 40,False Ocean,1,FALSE,FALSE,FALSE,,1,0,B1010,-80.577366,28.5618571
18,19,10/01/2015,Falcon 9,4535,GTO,CCSFS SLC 40,False ASDS,1,TRUE,FALSE,TRUE,5e9e3032383ecb761634e7cb,1,0,B1012,-80.577366,28.5618571
19,20,11/02/2015,Falcon 9,4428,GTO,CCSFS SLC 40,True Ocean,1,TRUE,FALSE,TRUE,,1,0,B1013,-80.577366,28.5618571
20,21,02/03/2015,Falcon 9,2216,ISS,CCSFS SLC 40,None None,1,FALSE,FALSE,FALSE,,1,0,B1014,-80.577366,28.5618571
21,22,14/04/2015,Falcon 9,2395,ISS,CCSFS SLC 40,False ASDS,1,TRUE,FALSE,TRUE,5e9e3032383ecb761634e7cb,1,0,B1015,-80.577366,28.5618571
22,23,27/04/2015,Falcon 9,570,ES-L1,CCSFS SLC 40,None None,1,FALSE,FALSE,FALSE,,1,0,B1016,-80.577366,28.5618571
23,24,28/06/2015,Falcon 9,1954,GTO,CCSFS SLC 40,None ASDS,1,TRUE,FALSE,TRUE,5e9e3032383ecb6bb234e7ca,1,0,B1018,-80.577366,28.5618571
24,25,22/12/2015,Falcon 9,2205,GTO,CCSFS SLC 40,True RTLS,1,TRUE,FALSE,TRUE,5e9e3032383ecb267a34e7c7,1,0,B1019,-80.577366,28.5618571
25,26,17/01/2016,Falcon 9,1898,ISS,VAFB SLC 4E,False ASDS,1,TRUE,FALSE,TRUE,5e9e3033383ecbb9e534e7cc,1,0,B1017,-120.610829,34.632093
26,27,04/03/2016,Falcon 9,4707,GTO,CCSFS SLC 40,False ASDS,1,TRUE,FALSE,TRUE,5e9e3032383ecb6bb234e7ca,1,0,B1020,-80.577366,28.5618571
27,28,08/04/2016,Falcon 9,2477,ISS,CCSFS SLC 40,True ASDS,1,TRUE,FALSE,TRUE,5e9e3032383ecb6bb234e7ca,2,1,B1021,-80.577366,28.5618571
28,29,06/05/2016,Falcon 9,2034,LEO,CCSFS SLC 40,True ASDS,1,TRUE,FALSE,TRUE,5e9e3032383ecb6bb234e7ca,2,0,B1022,-80.577366,28.5618571
29,30,27/05/2016,Falcon 9,553,PO,CCSFS SLC 40,True ASDS,1,TRUE,FALSE,TRUE,5e9e3032383ecb6bb234e7ca,2,1,B1023,-80.577366,28.5618571
30,31,15/06/2016,Falcon 9,5271,GTO,CCSFS SLC 40,False ASDS,1,TRUE,FALSE,TRUE,5e9e3032383ecb6bb234e7ca,2,0,B1024,-80.577366,28.5618571
31,32,18/07/2016,Falcon 9,3136,ISS,CCSFS SLC 40,True RTLS,1,TRUE,FALSE,TRUE,5e9e3032383ecb267a34e7c7,2,1,B1025,-80.577366,28.5618571
32,33,14/08/2016,Falcon 9,4696,GTO,CCSFS SLC 40,True ASDS,1,TRUE,FALSE,TRUE,5e9e3032383ecb6bb234e7ca,2,0,B1026,-80.577366,28.5618571
33,34,01/09/2016,Falcon 9,3100,GTO,CCSFS SLC 40,None ASDS,1,TRUE,FALSE,TRUE,5e9e3032383ecb6bb234e7ca,3,0,B1028,-80.577366,28.5618571
34,35,14/01/2017,Falcon 9,1800,GTO,VAFB SLC 4E,True ASDS,1,TRUE,FALSE,TRUE,5e9e3033383ecbb9e534e7cc,3,1,B1029,-120.610829,34.632093
35,36,19/02/2017,Falcon 9,1800,GTO,KSC LC 39A,True RTLS,1,TRUE,FALSE,TRUE,5e9e3032383ecb267a34e7c7,3,1,B1031,-80.6039558,28.6080585
36,37,16/03/2017,Falcon 9,2257,ISS,KSC LC 39A,None None,1,FALSE,FALSE,FALSE,,3,0,B1030,-80.6039558,28.6080585
37,38,30/03/2017,Falcon 9,4600,GTO,KSC LC 39A,True ASDS,2,TRUE,TRUE,TRUE,5e9e3032383ecb6bb234e7ca,2,1,B1021,-80.6039558,28.6080585
38,39,01/05/2017,Falcon 9,5500,GTO,KSC LC 39A,True RTLS,1,TRUE,FALSE,TRUE,5e9e3032383ecb267a34e7c7,3,1,B1032,-80.6039558,28.6080585
39,40,15/05/2017,Falcon 9,9600,PO,KSC LC 39A,None None,1,FALSE,FALSE,FALSE,,3,0,B1034,-80.6039558,28.6080585
40,41,03/06/2017,Falcon 9,2490,ISS,KSC LC 39A,True RTLS,1,TRUE,FALSE,TRUE,5e9e3032383ecb267a34e7c7,3,1,B1035,-80.6039558,28.6080585
41,42,23/06/2017,Falcon 9,5600,GTO,KSC LC 39A,True ASDS,2,TRUE,TRUE,TRUE,5e9e3032383ecb6bb234e7ca,3,1,B1029,-80.6039558,28.6080585
42,43,25/06/2017,Falcon 9,5300,GTO,VAFB SLC 4E,True ASDS,1,TRUE,FALSE,TRUE,5e9e3033383ecbb9e534e7cc,3,1,B1036,-120.610829,34.632093
43,44,05/07/2017,Falcon 9,,LEO,KSC LC 39A,None None,1,FALSE,FALSE,FALSE,,3,0,B1037,-80.6039558,28.6080585
44,45,14/08/2017,Falcon 9,6070,GTO,KSC LC 39A,True RTLS,1,TRUE,FALSE,TRUE,5e9e3032383ecb267a34e7c7,4,1,B1039,-80.6039558,28.6080585
45,46,24/08/2017,Falcon 9,2708,ISS,VAFB SLC 4E,True ASDS,1,TRUE,FALSE,TRUE,5e9e3033383ecbb9e534e7cc,3,1,B1038,-120.610829,34.632093
46,47,07/09/2017,Falcon 9,3669,GTO,KSC LC 39A,True RTLS,1,TRUE,FALSE,TRUE,5e9e3032383ecb267a34e7c7,4,1,B1040,-80.6039558,28.6080585
47,48,09/10/2017,Falcon 9,9600,PO,VAFB SLC 4E,True ASDS,1,TRUE,FALSE,TRUE,5e9e3033383ecbb9e534e7cc,4,1,B1041,-120.610829,34.632093
48,49,11/10/2017,Falcon 9,6761,GTO,KSC LC 39A,True ASDS,2,TRUE,TRUE,TRUE,5e9e3032383ecb6bb234e7ca,3,1,B1031,-80.6039558,28.6080585
49,50,30/10/2017,Falcon 9,2910,ISS,KSC LC 39A,True ASDS,1,TRUE,FALSE,TRUE,5e9e3032383ecb6bb234e7ca,4,0,B1042,-80.6039558,28.6080585
50,51,15/12/2017,Falcon 9,475,SSO,CCSFS SLC 40,True RTLS,2,TRUE,TRUE,TRUE,5e9e3032383ecb267a34e7c7,3,1,B1035,-80.577366,28.5618571
51,52,23/12/2017,Falcon 9,4990,LEO,VAFB SLC 4E,True Ocean,2,TRUE,TRUE,FALSE,,3,1,B1036,-120.610829,34.632093
52,53,08/01/2018,Falcon 9,9600,PO,CCSFS SLC 40,True RTLS,1,TRUE,FALSE,TRUE,5e9e3032383ecb267a34e7c7,4,1,B1043,-80.577366,28.5618571
53,54,31/01/2018,Falcon 9,5200,GTO,CCSFS SLC 40,True Ocean,2,TRUE,TRUE,TRUE,,3,1,B1032,-80.577366,28.5618571
54,55,06/02/2018,Falcon Heavy,3700,GTO,KSC LC 39A,False ASDS,1,TRUE,FALSE,TRUE,5e9e3032383ecb6bb234e7ca,3,0,B1033,-80.6039558,28.6080585
55,56,22/02/2018,Falcon 9,2205,ISS,VAFB SLC 4E,True RTLS,2,TRUE,TRUE,TRUE,5e9e3032383ecb90a834e7c8,2,1,B1025,-120.610829,34.632093
56,57,06/03/2018,Falcon 9,9600,PO,CCSFS SLC 40,True RTLS,2,TRUE,TRUE,TRUE,5e9e3032383ecb267a34e7c7,2,1,B1023,-80.577366,28.5618571
57,58,30/03/2018,Falcon 9,,LEO,VAFB SLC 4E,None None,2,TRUE,TRUE,FALSE,,3,1,B1038,-120.610829,34.632093
58,59,02/04/2018,Falcon 9,4230,GTO,CCSFS SLC 40,None None,1,TRUE,FALSE,TRUE,,4,0,B1044,-80.577366,28.5618571
59,60,18/04/2018,Falcon 9,1350,HCO,CCSFS SLC 40,None None,2,TRUE,TRUE,TRUE,,4,1,B1041,-80.577366,28.5618571
60,61,11/05/2018,Falcon 9,1350,SSO,KSC LC 39A,None None,2,TRUE,TRUE,TRUE,,4,1,B1039,-80.6039558,28.6080585
61,62,22/05/2018,Falcon 9,800,SSO,VAFB SLC 4E,True ASDS,1,TRUE,FALSE,TRUE,5e9e3032383ecb6bb234e7ca,4,1,B1045,-120.610829,34.632093
62,63,04/06/2018,Falcon 9,6092,GTO,CCSFS SLC 40,True ASDS,1,TRUE,FALSE,TRUE,5e9e3032383ecb6bb234e7ca,5,3,B1046,-80.577366,28.5618571
63,64,29/06/2018,Falcon 9,9600,PO,CCSFS SLC 40,None None,2,TRUE,TRUE,FALSE,,4,1,B1043,-80.577366,28.5618571
64,65,22/07/2018,Falcon 9,2760,ISS,CCSFS SLC 40,None None,2,FALSE,TRUE,FALSE,,4,1,B1040,-80.577366,28.5618571
65,66,25/07/2018,Falcon 9,350,HEO,VAFB SLC 4E,None None,2,FALSE,TRUE,FALSE,,4,1,B1045,-120.610829,34.632093
66,67,07/08/2018,Falcon 9,3750,GTO,CCSFS SLC 40,True ASDS,1,TRUE,FALSE,TRUE,5e9e3032383ecb6bb234e7ca,5,2,B1047,-80.577366,28.5618571
67,68,10/09/2018,Falcon 9,4300,PO,CCSFS SLC 40,True ASDS,1,TRUE,FALSE,TRUE,5e9e3033383ecbb9e534e7cc,5,4,B1048,-80.577366,28.5618571
68,69,08/10/2018,Falcon 9,1160,PO,VAFB SLC 4E,True ASDS,2,TRUE,TRUE,TRUE,5e9e3032383ecb6bb234e7ca,5,3,B1046,-120.610829,34.632093
69,70,15/11/2018,Falcon 9,5383.85,GTO,KSC LC 39A,True ASDS,1,TRUE,FALSE,TRUE,5e9e3032383ecb6bb234e7ca,5,9,B1049,-80.6039558,28.6080585
70,71,03/12/2018,Falcon 9,2410,ISS,VAFB SLC 4E,True RTLS,2,TRUE,TRUE,TRUE,5e9e3032383ecb554034e7c9,5,4,B1048,-120.610829,34.632093
71,72,05/12/2018,Falcon 9,7076,GTO,CCSFS SLC 40,True ASDS,2,TRUE,TRUE,TRUE,5e9e3032383ecb6bb234e7ca,5,2,B1047,-80.577366,28.5618571
72,73,23/12/2018,Falcon 9,9600,PO,CCSFS SLC 40,True ASDS,3,TRUE,TRUE,TRUE,5e9e3033383ecbb9e534e7cc,5,3,B1046,-80.577366,28.5618571
73,74,11/01/2019,Falcon 9,5800,GTO,VAFB SLC 4E,False RTLS,1,TRUE,FALSE,TRUE,5e9e3032383ecb267a34e7c7,5,0,B1050,-120.610829,34.632093
74,75,22/02/2019,Falcon 9,7060,GTO,CCSFS SLC 40,None None,1,FALSE,FALSE,FALSE,,5,0,B1054,-80.577366,28.5618571
75,76,02/03/2019,Falcon 9,2800,SSO,KSC LC 39A,True ASDS,2,TRUE,TRUE,TRUE,5e9e3033383ecbb9e534e7cc,5,9,B1049,-80.6039558,28.6080585
76,77,11/04/2019,Falcon Heavy,3000,GTO,KSC LC 39A,True ASDS,3,TRUE,TRUE,TRUE,5e9e3032383ecb6bb234e7ca,5,4,B1048,-80.6039558,28.6080585
77,78,04/05/2019,Falcon 9,4000,SSO,CCSFS SLC 40,True ASDS,1,TRUE,FALSE,TRUE,5e9e3032383ecb6bb234e7ca,5,12,B1051,-80.577366,28.5618571
78,79,24/05/2019,Falcon 9,2573,ISS,CCSFS SLC 40,True ASDS,1,TRUE,FALSE,TRUE,5e9e3032383ecb6bb234e7ca,5,0,B1055,-80.577366,28.5618571
79,80,12/06/2019,Falcon 9,4400,MEO,VAFB SLC 4E,True RTLS,1,TRUE,FALSE,TRUE,5e9e3032383ecb267a34e7c7,5,6,B1052,-120.610829,34.632093
80,81,25/06/2019,Falcon Heavy,9600,PO,KSC LC 39A,True RTLS,1,TRUE,FALSE,TRUE,5e9e3032383ecb90a834e7c8,5,1,B1053,-80.6039558,28.6080585
81,82,25/07/2019,Falcon 9,5000,GTO,CCSFS SLC 40,True ASDS,1,TRUE,FALSE,TRUE,5e9e3032383ecb6bb234e7ca,5,3,B1056,-80.577366,28.5618571
82,83,06/08/2019,Falcon 9,60,GTO,CCSFS SLC 40,True ASDS,3,TRUE,TRUE,TRUE,5e9e3032383ecb6bb234e7ca,5,9,B1049,-80.577366,28.5618571
83,84,11/11/2019,Falcon 9,585,GTO,CCSFS SLC 40,True RTLS,2,TRUE,TRUE,TRUE,5e9e3032383ecb554034e7c9,5,12,B1051,-80.577366,28.5618571
84,85,05/12/2019,Falcon 9,12259,ISS,CCSFS SLC 40,False ASDS,1,TRUE,FALSE,TRUE,5e9e3032383ecb6bb234e7ca,5,0,B1057,-80.577366,28.5618571
85,86,17/12/2019,Falcon 9,6000,GTO,CCSFS SLC 40,True RTLS,2,TRUE,TRUE,TRUE,5e9e3032383ecb267a34e7c7,5,6,B1052,-80.577366,28.5618571
86,87,07/01/2020,Falcon 9,2482,ISS,CCSFS SLC 40,True RTLS,2,TRUE,TRUE,TRUE,5e9e3032383ecb90a834e7c8,5,1,B1053,-80.577366,28.5618571
87,88,19/01/2020,Falcon 9,13200,VLEO,KSC LC 39A,True RTLS,2,TRUE,TRUE,TRUE,5e9e3032383ecb267a34e7c7,5,3,B1056,-80.6039558,28.6080585
88,89,29/01/2020,Falcon 9,1425,SSO,CCSFS SLC 40,None None,3,FALSE,TRUE,FALSE,,5,2,B1047,-80.577366,28.5618571
89,90,17/02/2020,Falcon 9,600,MEO,CCSFS SLC 40,True ASDS,4,TRUE,TRUE,TRUE,5e9e3032383ecb6bb234e7ca,5,4,B1048,-80.577366,28.5618571
90,91,07/03/2020,Falcon 9,1668,LEO,CCSFS SLC 40,True ASDS,1,TRUE,FALSE,TRUE,5e9e3032383ecb6bb234e7ca,5,5,B1059,-80.577366,28.5618571
91,92,18/03/2020,Falcon 9,180,LEO,KSC LC 39A,True ASDS,3,TRUE,TRUE,TRUE,5e9e3032383ecb6bb234e7ca,5,3,B1056,-80.6039558,28.6080585
92,93,22/04/2020,Falcon 9,70,LEO,KSC LC 39A,True ASDS,4,TRUE,TRUE,TRUE,5e9e3032383ecb6bb234e7ca,5,9,B1049,-80.6039558,28.6080585
93,94,30/05/2020,Falcon 9,138,LEO,KSC LC 39A,None None,4,FALSE,TRUE,FALSE,,5,3,B1046,-80.6039558,28.6080585
94,95,04/06/2020,Falcon 9,86,LEO,CCSFS SLC 40,True ASDS,3,TRUE,TRUE,TRUE,5e9e3032383ecb6bb234e7ca,5,12,B1051,-80.577366,28.5618571
95,96,13/06/2020,Falcon 9,71,LEO,CCSFS SLC 40,False ASDS,4,TRUE,TRUE,TRUE,5e9e3032383ecb6bb234e7ca,5,3,B1056,-80.577366,28.5618571
96,97,30/06/2020,Falcon 9,5,LEO,CCSFS SLC 40,True RTLS,2,TRUE,TRUE,TRUE,5e9e3032383ecb267a34e7c7,5,5,B1059,-80.577366,28.5618571
97,98,20/07/2020,Falcon 9,4,LEO,CCSFS SLC 40,False ASDS,5,TRUE,TRUE,TRUE,5e9e3032383ecb6bb234e7ca,5,4,B1048,-80.577366,28.5618571
98,99,07/08/2020,Falcon 9,5,LEO,KSC LC 39A,True ASDS,4,TRUE,TRUE,TRUE,5e9e3032383ecb6bb234e7ca,5,12,B1051,-80.6039558,28.6080585
99,100,18/08/2020,Falcon 9,4,LEO,CCSFS SLC 40,True ASDS,1,TRUE,FALSE,TRUE,5e9e3032383ecb6bb234e7ca,5,13,B1058,-80.577366,28.5618571
100,101,30/08/2020,Falcon 9,2,LEO,CCSFS SLC 40,True ASDS,5,TRUE,TRUE,TRUE,5e9e3033383ecbb9e534e7cc,5,9,B1049,-80.577366,28.5618571
101,102,03/09/2020,Falcon 9,1,LEO,KSC LC 39A,True ASDS,3,TRUE,TRUE,TRUE,5e9e3032383ecb6bb234e7ca,5,5,B1059,-80.6039558,28.6080585
102,103,06/10/2020,Falcon 9,1.5,LEO,KSC LC 39A,True ASDS,1,TRUE,FALSE,TRUE,5e9e3033383ecbb9e534e7cc,5,12,B1060,-80.6039558,28.6080585
103,104,18/10/2020,Falcon 9,1.5,LEO,KSC LC 39A,True ASDS,2,TRUE,TRUE,TRUE,5e9e3033383ecbb9e534e7cc,5,13,B1058,-80.6039558,28.6080585
104,105,24/10/2020,Falcon 9,1,LEO,CCSFS SLC 40,True ASDS,5,TRUE,TRUE,TRUE,5e9e3032383ecb6bb234e7ca,5,12,B1051,-80.577366,28.5618571
105,106,05/11/2020,Falcon 9,2227.7,ISS,CCSFS SLC 40,True ASDS,6,TRUE,TRUE,TRUE,5e9e3032383ecb6bb234e7ca,5,9,B1049,-80.577366,28.5618571
106,107,16/11/2020,Falcon 9,6500,GTO,KSC LC 39A,True RTLS,4,TRUE,TRUE,TRUE,5e9e3032383ecb267a34e7c7,5,5,B1059,-80.6039558,28.6080585
107,108,21/11/2020,Falcon 9,15600,VLEO,VAFB SLC 4E,True ASDS,2,TRUE,TRUE,TRUE,5e9e3032383ecb6bb234e7ca,5,12,B1060,-120.610829,34.632093
108,109,25/11/2020,Falcon 9,5000,ISS,CCSFS SLC 40,True ASDS,3,TRUE,TRUE,TRUE,5e9e3032383ecb6bb234e7ca,5,13,B1058,-80.577366,28.5618571
109,110,06/12/2020,Falcon 9,6800,GTO,KSC LC 39A,True ASDS,6,TRUE,TRUE,TRUE,5e9e3032383ecb6bb234e7ca,5,12,B1051,-80.6039558,28.6080585
110,111,13/12/2020,Falcon 9,15600,VLEO,CCSFS SLC 40,True ASDS,3,TRUE,TRUE,TRUE,5e9e3033383ecbb9e534e7cc,5,12,B1060,-80.577366,28.5618571
111,112,19/12/2020,Falcon 9,,SO,KSC LC 39A,True ASDS,1,TRUE,FALSE,TRUE,5e9e3032383ecb6bb234e7ca,5,8,B1062,-80.6039558,28.6080585
112,113,08/01/2021,Falcon 9,15600,VLEO,CCSFS SLC 40,True ASDS,1,TRUE,FALSE,TRUE,5e9e3033383ecbb9e534e7cc,5,9,B1061,-80.577366,28.5618571
113,114,20/01/2021,Falcon 9,15600,VLEO,KSC LC 39A,True RTLS,1,TRUE,FALSE,TRUE,5e9e3032383ecb554034e7c9,5,6,B1063,-80.6039558,28.6080585
114,115,24/01/2021,Falcon 9,1977,ISS,CCSFS SLC 40,True ASDS,7,TRUE,TRUE,TRUE,5e9e3032383ecb6bb234e7ca,5,9,B1049,-80.577366,28.5618571
115,116,04/02/2021,Falcon 9,15600,VLEO,CCSFS SLC 40,True ASDS,4,TRUE,TRUE,TRUE,5e9e3032383ecb6bb234e7ca,5,13,B1058,-80.577366,28.5618571
116,117,16/02/2021,Falcon 9,15600,VLEO,CCSFS SLC 40,True ASDS,7,TRUE,TRUE,TRUE,5e9e3033383ecbb9e534e7cc,5,12,B1051,-80.577366,28.5618571
117,118,04/03/2021,Falcon 9,9525,ISS,KSC LC 39A,True RTLS,5,TRUE,TRUE,TRUE,5e9e3032383ecb267a34e7c7,5,5,B1059,-80.6039558,28.6080585
118,119,11/03/2021,Falcon 9,15600,VLEO,CCSFS SLC 40,True ASDS,4,TRUE,TRUE,TRUE,5e9e3033383ecbb9e534e7cc,5,12,B1060,-80.577366,28.5618571
119,120,14/03/2021,Falcon 9,15600,VLEO,KSC LC 39A,True ASDS,8,TRUE,TRUE,TRUE,5e9e3033383ecbb9e534e7cc,5,12,B1051,-80.6039558,28.6080585
120,121,24/03/2021,Falcon 9,3880,MEO,CCSFS SLC 40,True ASDS,5,TRUE,TRUE,TRUE,5e9e3032383ecb6bb234e7ca,5,13,B1058,-80.577366,28.5618571
121,122,07/04/2021,Falcon 9,,GEO,CCSFS SLC 40,True ASDS,5,TRUE,TRUE,TRUE,5e9e3032383ecb6bb234e7ca,5,12,B1060,-80.577366,28.5618571
122,123,23/04/2021,Falcon 9,15600,VLEO,KSC LC 39A,False ASDS,6,TRUE,TRUE,TRUE,5e9e3032383ecb6bb234e7ca,5,5,B1059,-80.6039558,28.6080585
123,124,29/04/2021,Falcon 9,112,SSO,CCSFS SLC 40,True ASDS,8,TRUE,TRUE,TRUE,5e9e3032383ecb6bb234e7ca,5,9,B1049,-80.577366,28.5618571
124,125,04/05/2021,Falcon 9,15600,VLEO,KSC LC 39A,True ASDS,6,TRUE,TRUE,TRUE,5e9e3033383ecbb9e534e7cc,5,13,B1058,-80.6039558,28.6080585
125,126,09/05/2021,Falcon 9,1600,SSO,CCSFS SLC 40,True ASDS,9,TRUE,TRUE,TRUE,5e9e3032383ecb6bb234e7ca,5,12,B1051,-80.577366,28.5618571
126,127,15/05/2021,Falcon 9,15600,VLEO,KSC LC 39A,True ASDS,6,TRUE,TRUE,TRUE,5e9e3032383ecb6bb234e7ca,5,12,B1060,-80.6039558,28.6080585
127,128,26/05/2021,Falcon 9,15600,VLEO,CCSFS SLC 40,True ASDS,7,TRUE,TRUE,TRUE,5e9e3032383ecb6bb234e7ca,5,13,B1058,-80.577366,28.5618571
128,129,03/06/2021,Falcon 9,15600,VLEO,KSC LC 39A,True ASDS,2,TRUE,TRUE,TRUE,5e9e3032383ecb6bb234e7ca,5,9,B1061,-80.6039558,28.6080585
129,130,06/06/2021,Falcon 9,15600,VLEO,CCSFS SLC 40,True ASDS,7,TRUE,TRUE,TRUE,5e9e3033383ecbb9e534e7cc,5,12,B1060,-80.577366,28.5618571
130,131,17/06/2021,Falcon 9,3681,MEO,CCSFS SLC 40,True ASDS,9,TRUE,TRUE,TRUE,5e9e3032383ecb6bb234e7ca,5,9,B1049,-80.577366,28.5618571
131,132,30/06/2021,Falcon 9,,ISS,CCSFS SLC 40,True ASDS,10,TRUE,TRUE,TRUE,5e9e3032383ecb6bb234e7ca,5,12,B1051,-80.577366,28.5618571
132,133,29/08/2021,Falcon 9,1440,PO,KSC LC 39A,True ASDS,8,TRUE,TRUE,TRUE,5e9e3032383ecb6bb234e7ca,5,13,B1058,-80.6039558,28.6080585
133,134,14/09/2021,Falcon 9,15600,VLEO,VAFB SLC 4E,True ASDS,2,TRUE,TRUE,TRUE,5e9e3033383ecbb9e534e7cc,5,6,B1063,-120.610829,34.632093
134,135,16/09/2021,Falcon 9,2972,ISS,KSC LC 39A,True ASDS,1,TRUE,FALSE,TRUE,5e9e3032383ecb6bb234e7ca,5,5,B1067,-80.6039558,28.6080585
135,136,11/11/2021,Falcon 9,7000,GTO,KSC LC 39A,True ASDS,3,TRUE,TRUE,TRUE,5e9e3033383ecbb9e534e7cc,5,9,B1061,-80.6039558,28.6080585
136,137,13/11/2021,Falcon 9,,,CCSFS SLC 40,True ASDS,2,TRUE,TRUE,TRUE,5e9e3033383ecbb9e534e7cc,5,8,B1062,-80.577366,28.5618571
137,138,24/11/2021,Falcon 9,3500,GTO,VAFB SLC 4E,True RTLS,8,TRUE,TRUE,TRUE,5e9e3032383ecb267a34e7c7,5,12,B1060,-120.610829,34.632093
138,139,01/12/2021,Falcon 9,15600,VLEO,CCSFS SLC 40,True ASDS,4,TRUE,TRUE,TRUE,5e9e3033383ecb075134e7cd,5,9,B1061,-80.577366,28.5618571
139,140,09/12/2021,Falcon 9,,SSO,KSC LC 39A,True ASDS,10,TRUE,TRUE,TRUE,5e9e3032383ecb6bb234e7ca,5,9,B1049,-80.6039558,28.6080585
140,141,18/12/2021,Falcon 9,15600,VLEO,VAFB SLC 4E,True ASDS,3,TRUE,TRUE,TRUE,5e9e3033383ecbb9e534e7cc,5,8,B1062,-120.610829,34.632093
141,142,19/12/2021,Falcon 9,15600,VLEO,CCSFS SLC 40,True ASDS,2,TRUE,TRUE,TRUE,5e9e3033383ecb075134e7cd,5,5,B1067,-80.577366,28.5618571
142,143,21/12/2021,Falcon 9,15600,VLEO,KSC LC 39A,True ASDS,9,TRUE,TRUE,TRUE,5e9e3033383ecbb9e534e7cc,5,13,B1058,-80.6039558,28.6080585
143,144,06/01/2022,Falcon 9,15600,VLEO,KSC LC 39A,True ASDS,2,TRUE,TRUE,TRUE,5e9e3032383ecb6bb234e7ca,5,6,B1063,-80.6039558,28.6080585
144,145,13/01/2022,Falcon 9,15600,VLEO,CCSFS SLC 40,True ASDS,9,TRUE,TRUE,TRUE,5e9e3033383ecb075134e7cd,5,12,B1060,-80.577366,28.5618571
145,146,19/01/2022,Falcon 9,15600,VLEO,KSC LC 39A,True ASDS,5,TRUE,TRUE,TRUE,5e9e3033383ecbb9e534e7cc,5,9,B1061,-80.6039558,28.6080585
146,147,31/01/2022,Falcon 9,15600,VLEO,CCSFS SLC 40,True ASDS,11,TRUE,TRUE,TRUE,5e9e3032383ecb6bb234e7ca,5,12,B1051,-80.577366,28.5618571
147,148,02/02/2022,Falcon 9,,ISS,VAFB SLC 4E,True ASDS,3,TRUE,TRUE,TRUE,5e9e3033383ecb075134e7cd,5,5,B1067,-120.610829,34.632093
148,149,03/02/2022,Falcon 9,15600,VLEO,KSC LC 39A,True ASDS,1,TRUE,FALSE,TRUE,5e9e3033383ecbb9e534e7cc,5,1,B1069,-80.6039558,28.6080585
149,150,21/02/2022,Falcon 9,15600,VLEO,CCSFS SLC 40,True ASDS,4,TRUE,TRUE,TRUE,5e9e3033383ecb075134e7cd,5,8,B1062,-80.577366,28.5618571
150,151,25/02/2022,Falcon 9,15600,VLEO,VAFB SLC 4E,True RTLS,10,TRUE,TRUE,TRUE,5e9e3032383ecb267a34e7c7,5,13,B1058,-120.610829,34.632093
151,152,03/03/2022,Falcon 9,13520,VLEO,KSC LC 39A,True ASDS,10,TRUE,TRUE,TRUE,5e9e3033383ecb075134e7cd,5,12,B1060,-80.6039558,28.6080585
152,153,09/03/2022,Falcon 9,112,LEO,CCSFS SLC 40,True RTLS,3,TRUE,TRUE,TRUE,5e9e3032383ecb267a34e7c7,5,6,B1052,-80.577366,28.5618571
153,154,19/03/2022,Falcon 9,,LEO,CCSFS SLC 40,True RTLS,1,TRUE,FALSE,TRUE,5e9e3032383ecb554034e7c9,5,3,B1071,-80.577366,28.5618571
154,155,01/04/2022,Falcon 9,15600,VLEO,CCSFS SLC 40,True ASDS,6,TRUE,TRUE,TRUE,5e9e3033383ecb075134e7cd,5,9,B1061,-80.577366,28.5618571
155,156,08/04/2022,Falcon 9,3328,ISS,KSC LC 39A,True ASDS,11,TRUE,TRUE,TRUE,5e9e3033383ecb075134e7cd,5,13,B1058,-80.6039558,28.6080585
156,157,17/04/2022,Falcon 9,7000,GTO,VAFB SLC 4E,True ASDS,4,TRUE,TRUE,TRUE,5e9e3032383ecb6bb234e7ca,5,6,B1063,-120.610829,34.632093
157,158,21/04/2022,Falcon 9,3681,MEO,CCSFS SLC 40,True ASDS,11,TRUE,TRUE,TRUE,5e9e3033383ecbb9e534e7cc,5,12,B1060,-80.577366,28.5618571
158,159,27/04/2022,Falcon 9,,SSO,KSC LC 39A,True ASDS,4,TRUE,TRUE,TRUE,5e9e3033383ecb075134e7cd,5,6,B1052,-80.6039558,28.6080585
159,160,29/04/2022,Falcon 9,,ISS,CCSFS SLC 40,True ASDS,12,TRUE,TRUE,TRUE,5e9e3033383ecbb9e534e7cc,5,12,B1051,-80.577366,28.5618571
160,161,06/05/2022,Falcon 9,15600,PO,KSC LC 39A,True ASDS,7,TRUE,TRUE,TRUE,5e9e3033383ecbb9e534e7cc,5,9,B1061,-80.6039558,28.6080585
161,162,13/05/2022,Falcon 9,,LEO,VAFB SLC 4E,True ASDS,5,TRUE,TRUE,TRUE,5e9e3033383ecb075134e7cd,5,8,B1062,-120.610829,34.632093
162,163,14/05/2022,Falcon 9,12519,ISS,CCSFS SLC 40,True RTLS,2,TRUE,TRUE,TRUE,5e9e3032383ecb554034e7c9,5,3,B1071,-80.577366,28.5618571
163,164,18/05/2022,Falcon 9,13260,LEO,KSC LC 39A,True ASDS,12,TRUE,TRUE,TRUE,5e9e3033383ecbb9e534e7cc,5,12,B1060,-80.6039558,28.6080585
164,165,25/05/2022,Falcon 9,670,TLI,CCSFS SLC 40,True ASDS,4,TRUE,TRUE,TRUE,5e9e3033383ecb075134e7cd,5,5,B1067,-80.577366,28.5618571
165,166,08/06/2022,Falcon 9,13260,PO,CCSFS SLC 40,True ASDS,6,TRUE,TRUE,TRUE,5e9e3033383ecbb9e534e7cc,5,8,B1062,-80.577366,28.5618571
166,167,01/06/2022,Falcon 9,330,LEO,KSC LC 39A,True ASDS,12,TRUE,TRUE,TRUE,5e9e3033383ecb075134e7cd,5,13,B1058,-80.6039558,28.6080585
167,168,18/06/2022,Falcon 9,13260,PO,VAFB SLC 4E,True ASDS,5,TRUE,TRUE,TRUE,5e9e3032383ecb6bb234e7ca,5,6,B1063,-120.610829,34.632093
168,169,19/06/2022,Falcon 9,3500,GTO,CCSFS SLC 40,True ASDS,1,TRUE,FALSE,TRUE,5e9e3033383ecbb9e534e7cc,5,2,B1073,-80.577366,28.5618571
169,170,29/06/2022,Falcon 9,,ISS,CCSFS SLC 40,True ASDS,5,TRUE,TRUE,TRUE,5e9e3033383ecb075134e7cd,5,6,B1052,-80.577366,28.5618571
170,171,07/07/2022,Falcon 9,13260,VLEO,CCSFS SLC 40,True RTLS,8,TRUE,TRUE,TRUE,5e9e3032383ecb267a34e7c7,5,9,B1061,-80.577366,28.5618571
171,172,11/07/2022,Falcon 9,,LEO,VAFB SLC 4E,True ASDS,7,TRUE,TRUE,TRUE,5e9e3033383ecbb9e534e7cc,5,8,B1062,-120.610829,34.632093
172,173,15/07/2022,Falcon 9,13260,VLEO,KSC LC 39A,True ASDS,13,TRUE,TRUE,TRUE,5e9e3033383ecb075134e7cd,5,12,B1060,-80.6039558,28.6080585
173,174,17/07/2022,Falcon 9,2240,SSO,CCSFS SLC 40,True RTLS,3,TRUE,TRUE,TRUE,5e9e3032383ecb554034e7c9,5,3,B1071,-80.577366,28.5618571
174,175,21/07/2022,Falcon 9,,LEO,VAFB SLC 4E,True ASDS,9,TRUE,TRUE,TRUE,5e9e3033383ecbb9e534e7cc,5,9,B1061,-120.610829,34.632093
175,176,24/07/2022,Falcon 9,13260,VLEO,CCSFS SLC 40,True ASDS,2,TRUE,TRUE,TRUE,5e9e3033383ecb075134e7cd,5,2,B1073,-80.577366,28.5618571
176,177,04/08/2022,Falcon 9,13260,VLEO,CCSFS SLC 40,True ASDS,13,TRUE,TRUE,TRUE,5e9e3033383ecbb9e534e7cc,5,13,B1058,-80.577366,28.5618571
177,178,09/08/2022,Falcon 9,13260,VLEO,KSC LC 39A,True ASDS,6,TRUE,TRUE,TRUE,5e9e3032383ecb6bb234e7ca,5,6,B1063,-80.6039558,28.6080585
178,179,12/08/2022,Falcon 9,13260,VLEO,VAFB SLC 4E,True ASDS,5,TRUE,TRUE,TRUE,5e9e3033383ecb075134e7cd,5,5,B1067,-120.610829,34.632093
179,180,19/08/2022,Falcon 9,13260,VLEO,CCSFS SLC 40,True ASDS,13,TRUE,TRUE,TRUE,5e9e3033383ecbb9e534e7cc,5,12,B1051,-80.577366,28.5618571
180,181,28/08/2022,Falcon 9,13260,VLEO,KSC LC 39A,True ASDS,4,TRUE,TRUE,TRUE,5e9e3032383ecb6bb234e7ca,5,3,B1071,-80.6039558,28.6080585
181,182,31/08/2022,Falcon 9,,SSO,VAFB SLC 4E,True ASDS,8,TRUE,TRUE,TRUE,5e9e3033383ecb075134e7cd,5,8,B1062,-120.610829,34.632093
182,183,05/09/2022,Falcon 9,,ISS,CCSFS SLC 40,True ASDS,6,TRUE,TRUE,TRUE,5e9e3033383ecbb9e534e7cc,5,6,B1052,-80.577366,28.5618571
183,184,11/09/2022,Falcon 9,,LEO,KSC LC 39A,True ASDS,3,TRUE,TRUE,TRUE,5e9e3033383ecb075134e7cd,5,2,B1073,-80.6039558,28.6080585
184,185,17/09/2022,Falcon 9,13260,VLEO,CCSFS SLC 40,True ASDS,10,TRUE,TRUE,TRUE,5e9e3032383ecb6bb234e7ca,5,9,B1061,-80.577366,28.5618571
185,186,24/09/2022,Falcon 9,,ISS,CCSFS SLC 40,True ASDS,9,TRUE,TRUE,TRUE,5e9e3033383ecb075134e7cd,5,8,B1062,-80.577366,28.5618571
186,187,05/10/2022,Falcon 9,13260,VLEO,KSC LC 39A,True ASDS,2,TRUE,TRUE,TRUE,5e9e3033383ecb075134e7cd,5,1,B1069,-80.6039558,28.6080585
187,,,,13260,VLEO,,True ASDS,7,TRUE,TRUE,TRUE,5e9e3032383ecb6bb234e7ca,5,6,B1063,,
188,,,,13260,VLEO,,True ASDS,7,TRUE,TRUE,TRUE,5e9e3033383ecbb9e534e7cc,5,6,B1052,,
189,,,,13260,VLEO,,True ASDS,14,TRUE,TRUE,TRUE,5e9e3033383ecb075134e7cd,5,13,B1058,,
190,,,,13260,VLEO,,True ASDS,6,TRUE,TRUE,TRUE,5e9e3033383ecbb9e534e7cc,5,5,B1067,,
191,,,,,SSO,,True ASDS,4,TRUE,TRUE,TRUE,5e9e3033383ecbb9e534e7cc,5,0,B1072,,
192,,,,3938,GEO,,True ASDS,1,TRUE,FALSE,TRUE,5e9e3033383ecbb9e534e7cc,5,0,B1077,,
193,,,,13260,VLEO,,,,,,,,,,,,
194,,,,2200,SSO,,,,,,,,,,,,
195,,,,700,LEO,,,,,,,,,,,,
196,,,,3500,MEO,,,,,,,,,,,,
197,,,,13260,VLEO,,,,,,,,,,,,
198,,,,13260,VLEO,,,,,,,,,,,,
199,,,,,ISS,,,,,,,,,,,,
200,,,,13260,VLEO,,,,,,,,,,,,
201,,,,13260,VLEO,,,,,,,,,,,,
202,,,,13260,VLEO,,,,,,,,,,,,
203,,,,678,TLI,,,,,,,,,,,,
204,,,,13260,VLEO,,,,,,,,,,,,
205,,,,13260,VLEO,,,,,,,,,,,,
206,,,,13260,VLEO,,,,,,,,,,,,
207,,,,13260,VLEO,,,,,,,,,,,,
208,,,,13260,VLEO,,,,,,,,,,,,
209,,,,13260,VLEO,,,,,,,,,,,,
210,,,,180,VLEO,,,,,,,,,,,,
211,,,,13260,VLEO,,,,,,,,,,,,
212,,,,1500,VLEO,,,,,,,,,,,,
213,,,,13260,VLEO,,,,,,,,,,,,
214,,,,13260,VLEO,,,,,,,,,,,,
215,,,,,ISS,,,,,,,,,,,,
